Time,Speed
0,0.0
1,0.0
2,0.0
3,0.0
4,3.323
5,0.0
6,4.128
7,13.482
8,16.141
9,21.328
10,22.382
11,32.368
12,35.712
13,36.717
14,43.788
15,44.562
16,42.752
17,49.728
18,47.424
19,50.0
20,50.0
21,50.0
22,50.0
23,50.0
24,50.0
25,50.0
26,50.0
27,50.0
28,50.0
29,50.0
30,50.0
31,50.0
32,50.0
33,50.0
34,50.0
35,50.0
36,50.0
37,50.0
38,0.0
39,0.0
40,0.0
41,0.0
42,0.0
43,0.0
44,0.0
45,1.919
46,11.137
47,27.371
48,39.191
49,50.0
50,50.0
51,50.0
52,50.0
53,50.0
54,50.0
55,50.0
56,50.0
57,50.0
58,50.0
59,50.0
60,0.0
61,0.0
62,0.0
63,3.421
64,1.345
65,13.026
66,20.989
67,27.691
68,32.136
69,35.122
70,32.475
71,32.259
72,36.112
73,30.878
74,25.147
75,0.0
76,0.0
77,0.0
78,0.242
79,7.674
80,8.793
81,15.608
82,21.539
83,21.935
84,27.669
85,26.018
86,28.631
87,29.395
88,26.678
89,32.201
90,27.935
91,28.427
92,28.705
93,0.0
94,0.0
95,0.0
96,0.0
97,0.0
98,0.0
99,0.0
100,0.0
101,0.0
102,0.0
103,4.211
104,2.993
105,8.242
106,12.99
107,18.326
108,27.299
109,26.55
110,32.076
111,41.444
112,38.795
113,45.601
114,42.367
115,47.326
116,46.789
117,50.0
118,50.0
119,48.545
120,50.0
121,50.0
122,50.0
123,50.0
124,50.0
125,50.0
126,50.0
127,50.0
128,50.0
129,50.0
130,48.213
131,50.0
132,50.0
133,0.0
134,0.0
135,0.0
136,0.0
137,0.0
138,0.0
139,3.682
140,8.496
141,15.996
142,17.784
143,29.744
144,31.063
145,30.43
146,35.2
147,42.41
148,46.12
149,50.0
150,50.0
151,46.446
152,41.005
153,36.064
154,43.31
155,38.035
156,37.868
157,0.0
158,0.0
159,0.0
160,0.0
161,0.0
162,0.0
163,0.0
164,25.133
165,48.1
166,50.0
167,50.0
168,50.0
169,50.0
170,50.0
171,0.0
172,0.0
173,0.0
174,0.0
175,0.0
176,0.0
177,0.0
178,0.0
179,0.0
180,50.0
181,0.0
182,10.214
183,2.474
184,10.998
185,7.47
186,16.53
187,17.121
188,17.662
189,16.564
190,12.754
191,11.462
192,6.135
193,1.241
194,1.325
195,2.936
196,5.032
197,5.97
198,7.425
199,9.452
200,12.245
201,12.996
202,14.045
203,17.904
204,18.826
205,22.492
206,22.021
207,21.032
208,22.203
209,30.195
210,32.071
211,29.024
212,29.786
213,35.99
214,29.969
215,31.501
216,37.153
217,34.727
218,36.8
219,36.977
220,0.0
221,0.0
222,0.0
223,0.0
224,0.0
225,0.0
226,0.0
227,11.277
228,23.478
229,36.813
230,48.914
231,50.0
232,50.0
233,50.0
234,50.0
235,50.0
236,50.0
237,50.0
238,0.0
239,0.0
240,0.0
241,0.0
242,0.0
243,0.0
244,0.0
245,0.0
246,3.56
247,6.019
248,4.234
249,11.022
250,14.102
251,24.729
252,24.941
253,17.697
254,22.014
255,20.086
256,25.297
257,30.52
258,35.573
259,30.524
260,32.452
261,28.71
262,37.124
263,35.211
264,38.224
265,37.988
266,41.607
267,36.446
268,38.055
269,50.0
270,26.964
271,14.787
272,2.538
273,2.725
274,5.449
275,9.478
276,13.824
277,19.46
278,18.85
279,23.401
280,28.924
281,31.359
282,32.076
283,35.559
284,33.816
285,0.0
286,0.0
287,0.0
288,0.0
289,0.0
290,3.578
291,6.62
292,13.124
293,17.374
294,21.78
295,22.95
296,29.363
297,29.639
298,38.142
299,36.195
300,31.177
301,25.791
302,22.97
303,0.0
304,0.0
305,0.0
306,0.0
307,0.0
308,5.374
309,5.79
310,2.327
311,6.618
312,10.025
313,9.783
314,8.926
315,8.978
316,7.907
317,7.266
318,6.796
319,2.055
320,1.14
321,1.274
322,2.575
323,3.607
324,4.026
325,6.885
326,9.779
327,7.848
328,12.211
329,12.107
330,13.956
331,13.622
332,16.232
333,20.934
334,20.792
335,24.858
336,24.827
337,24.04
338,28.85
339,26.032
340,28.165
341,25.25
342,27.171
343,0.0
344,0.0
345,0.0
346,4.138
347,16.357
348,33.339
349,41.714
350,44.41
351,50.0
352,50.0
353,50.0
354,50.0
355,50.0
356,50.0
357,50.0
358,50.0
359,50.0
360,0.0
361,0.0
362,0.0
363,4.082
364,17.129
365,20.937
366,42.407
367,50.0
368,50.0
369,50.0
370,50.0
371,50.0
372,50.0
373,49.894
374,0.0
375,0.0
376,0.0
377,0.0
378,0.0
379,0.0
380,0.0
381,0.0
382,0.0
383,0.0
384,0.0
385,0.0
386,0.0
387,23.828
388,44.093
389,50.0
390,50.0
391,50.0
392,50.0
393,50.0
394,50.0
395,50.0
396,0.0
397,0.0
398,0.0
399,0.0
400,5.234
401,0.44
402,4.161
403,11.276
404,16.994
405,50.0
406,25.41
407,26.968
408,30.041
409,32.035
410,41.187
411,34.987
412,31.236
413,46.43
414,41.43
415,45.543
416,50.0
417,43.199
418,46.014
419,46.171
420,50.0
421,50.0
422,50.0
423,50.0
424,50.0
425,48.188
426,50.0
427,50.0
428,50.0
429,50.0
430,50.0
431,50.0
432,50.0
433,50.0
434,50.0
435,50.0
436,50.0
437,50.0
438,47.969
439,0.0
440,0.0
441,0.0
442,0.0
443,0.0
444,0.0
445,0.0
446,0.0
447,0.0
448,0.0
449,0.0
450,0.0
451,0.0
452,0.0
453,0.0
454,4.943
455,12.901
456,16.825
457,27.411
458,34.815
459,31.325
460,31.513
461,32.236
462,0.0
463,0.0
464,0.0
465,0.0
466,0.0
467,0.0
468,0.0
469,0.0
470,0.0
471,0.0
472,0.0
473,0.0
474,0.0
475,4.782
476,2.019
477,0.202
478,2.945
479,1.455
480,4.177
481,5.329
482,6.113
483,4.54
484,0.225
485,0.408
486,1.156
487,2.477
488,3.052
489,2.747
490,5.821
491,5.463
492,6.516
493,6.849
494,8.365
495,11.005
496,11.114
497,13.066
498,14.196
499,17.201
500,14.674
501,12.881
502,19.774
503,17.066
504,21.682
505,20.395
506,19.5
507,21.522
508,27.283
509,28.408
510,21.987
511,0.0
512,0.0
513,0.0
514,0.0
515,0.0
516,0.0
517,0.0
518,0.0
519,0.0
520,0.0
521,1.109
522,4.583
523,9.332
524,14.835
525,25.112
526,33.939
527,40.537
528,50.0
529,50.0
530,50.0
531,50.0
532,50.0
533,50.0
534,50.0
535,50.0
536,50.0
537,50.0
538,50.0
539,50.0
540,50.0
541,50.0
542,50.0
543,0.0
544,0.0
545,0.0
546,0.0
547,0.0
548,5.644
549,5.221
550,14.651
551,20.151
552,21.559
553,23.113
554,29.486
555,30.431
556,38.334
557,31.918
558,40.405
559,37.588
560,28.83
561,20.149
562,2.788
563,2.616
564,4.808
565,6.581
566,10.492
567,15.661
568,17.148
569,19.149
570,23.37
571,23.626
572,28.325
573,31.873
574,34.382
575,38.871
576,40.656
577,43.961
578,43.089
579,49.365
580,50.0
581,48.207
582,50.0
583,50.0
584,50.0
585,50.0
586,0.0
587,0.0
588,0.0
589,0.0
590,0.0
591,0.0
592,0.0
593,0.0
594,0.0
595,0.0
596,0.0
597,0.0
598,0.0
599,0.0
600,1.476
601,7.989
602,12.868
603,8.298
604,11.043
605,6.215
606,1.803
607,1.378
608,3.319
609,4.837
610,7.393
611,10.556
612,12.879
613,15.579
614,18.555
615,21.971
616,23.259
617,28.814
618,31.792
619,34.257
620,37.442
621,39.631
622,46.149
623,43.671
624,45.282
625,46.038
626,46.958
627,47.812
628,50.0
629,50.0
630,50.0
631,50.0
632,0.0
633,0.0
634,0.0
635,0.0
636,0.0
637,0.0
638,0.0
639,1.938
640,5.299
641,3.984
642,12.995
643,17.825
644,16.8
645,23.064
646,18.963
647,29.828
648,29.857
649,24.311
650,25.772
651,14.927
652,18.14
653,0.0
654,0.0
655,0.0
656,0.0
657,0.0
658,0.0
659,0.0
660,0.0
661,0.0
662,0.0
663,0.0
664,7.057
665,2.267
666,9.853
667,19.957
668,31.023
669,27.072
670,38.154
671,49.383
672,42.546
673,49.023
674,50.0
675,50.0
676,50.0
677,50.0
678,50.0
679,50.0
680,50.0
681,50.0
682,50.0
683,50.0
684,50.0
685,50.0
686,50.0
687,50.0
688,50.0
689,50.0
690,50.0
691,50.0
692,50.0
693,50.0
694,50.0
695,50.0
696,50.0
697,50.0
698,0.0
699,0.0
700,0.0
701,0.0
702,0.0
703,0.0
704,0.0
705,3.638
706,2.052
707,4.426
708,12.611
709,5.999
710,2.984
711,18.979
712,24.01
713,15.217
714,11.374
715,18.605
716,20.086
717,21.728
718,19.667
719,26.748
720,27.548
721,21.302
722,29.831
723,35.282
724,29.198
725,27.852
726,28.89
727,31.811
728,23.669
729,30.416
730,28.419
731,36.206
732,28.864
733,35.104
734,24.981
735,30.57
736,29.193
737,24.525
738,27.725
739,30.867
740,24.914
741,0.0
742,0.0
743,0.0
744,0.0
745,0.0
746,0.0
747,0.0
748,0.0
749,0.0
750,0.0
751,0.0
752,0.0
753,0.0
754,0.0
755,0.0
756,0.0
757,0.0
758,3.931
759,16.089
760,17.198
761,14.527
762,30.764
763,33.189
764,33.749
765,35.45
766,46.655
767,48.286
768,50.0
769,50.0
770,50.0
771,50.0
772,50.0
773,50.0
774,50.0
775,50.0
776,50.0
777,50.0
778,50.0
779,50.0
780,50.0
781,45.651
782,38.288
783,28.229
784,20.888
785,9.76
786,2.82
787,2.765
788,48.572
789,0.0
790,0.0
791,0.0
792,0.0
793,0.0
794,0.0
795,0.0
796,5.342
797,14.734
798,12.944
799,18.363
800,28.512
801,30.435
802,37.859
803,39.512
804,45.63
805,42.66
806,48.996
807,50.0
808,48.814
809,48.936
810,50.0
811,50.0
812,50.0
813,50.0
814,50.0
815,46.096
816,47.75
817,48.484
818,50.0
819,49.86
820,0.0
821,0.0
822,0.0
823,0.0
824,0.0
825,0.0
826,0.0
827,0.0
828,0.0
829,0.099
830,19.297
831,32.395
832,46.677
833,50.0
834,50.0
835,50.0
836,50.0
837,43.801
838,0.0
839,0.0
840,0.0
841,0.0
842,0.0
843,0.0
844,0.0
845,0.0
846,0.0
847,0.0
848,10.116
849,22.551
850,34.583
851,38.262
852,42.368
853,46.645
854,50.0
855,50.0
856,50.0
857,50.0
858,50.0
859,50.0
860,50.0
861,50.0
862,50.0
863,0.0
864,0.0
865,0.0
866,0.0
867,2.615
868,6.71
869,10.086
870,6.926
871,17.757
872,19.582
873,20.931
874,35.089
875,38.71
876,40.595
877,34.226
878,33.569
879,25.869
880,21.154
881,13.928
882,9.268
883,2.485
884,2.278
885,7.3
886,12.079
887,19.022
888,22.864
889,25.947
890,30.659
891,34.154
892,37.117
893,37.62
894,43.674
895,0.0
896,0.0
897,0.0
898,0.0
899,0.0
900,12.964
901,22.431
902,31.156
903,35.93
904,40.321
905,46.11
906,50.0
907,50.0
908,50.0
909,50.0
910,50.0
911,50.0
912,50.0
913,50.0
914,50.0
915,50.0
916,50.0
917,0.0
918,0.0
919,0.0
920,0.0
921,0.0
922,0.0
923,0.0
924,0.0
925,0.0
926,5.562
927,10.292
928,9.783
929,16.378
930,50.0
931,17.064
932,14.721
933,14.625
934,16.252
935,13.341
936,9.753
937,6.703
938,1.497
939,2.048
940,9.347
941,12.768
942,19.241
943,23.442
944,27.466
945,33.395
946,0.0
947,0.0
948,0.0
949,0.0
950,0.0
951,0.0
952,0.0
953,0.0
954,6.196
955,35.406
956,50.0
957,50.0
958,50.0
959,50.0
960,50.0
961,50.0
962,0.0
963,0.0
964,0.0
965,0.0
966,0.0
967,0.0
968,0.0
969,0.0
970,0.0
971,0.0
972,0.053
973,4.833
974,7.731
975,12.67
976,16.732
977,9.777
978,15.421
979,9.699
980,5.838
981,1.624
982,1.806
983,3.053
984,5.255
985,6.006
986,8.423
987,10.329
988,12.941
989,15.553
990,16.478
991,20.93
992,22.529
993,22.039
994,24.115
995,29.634
996,31.57
997,34.033
998,36.354
999,38.992
1000,42.68
1001,39.602
1002,41.052
1003,42.739
1004,47.986
1005,50.0
1006,48.458
1007,42.958
1008,46.299
1009,49.983
1010,50.0
1011,0.0
1012,0.0
1013,0.0
1014,0.0
1015,0.0
1016,0.0
1017,0.0
1018,0.0
1019,0.0
1020,17.943
1021,26.379
1022,47.384
1023,50.0
1024,50.0
1025,50.0
1026,50.0
1027,50.0
1028,50.0
1029,50.0
1030,50.0
1031,50.0
1032,0.0
1033,0.0
1034,0.0
1035,0.0
1036,0.0
1037,0.0
1038,0.0
1039,0.0
1040,0.0
1041,0.0
1042,0.0
1043,0.0
1044,14.373
1045,25.458
1046,36.153
1047,41.552
1048,50.0
1049,45.937
1050,50.0
1051,50.0
1052,50.0
1053,50.0
1054,50.0
1055,50.0
1056,50.0
1057,0.0
1058,0.0
1059,0.0
1060,0.0
1061,0.0
1062,0.0
1063,0.0
1064,0.0
1065,0.01
1066,7.052
1067,14.998
1068,22.007
1069,22.425
1070,28.349
1071,26.879
1072,35.016
1073,42.694
1074,46.109
1075,47.081
1076,50.0
1077,50.0
1078,50.0
1079,50.0
1080,50.0
1081,50.0
1082,47.087
1083,50.0
1084,44.156
1085,50.0
1086,50.0
1087,50.0
1088,48.937
1089,49.131
1090,50.0
1091,0.0
1092,0.0
1093,0.0
1094,0.0
1095,0.0
1096,0.0
1097,0.0
1098,0.0
1099,0.0
1100,0.0
1101,0.0
1102,5.713
1103,7.099
1104,9.677
1105,19.309
1106,25.893
1107,27.314
1108,37.099
1109,40.953
1110,50.0
1111,50.0
1112,50.0
1113,50.0
1114,50.0
1115,50.0
1116,50.0
1117,50.0
1118,50.0
1119,50.0
1120,50.0
1121,50.0
1122,50.0
1123,50.0
1124,50.0
1125,50.0
1126,50.0
1127,50.0
1128,50.0
1129,50.0
1130,50.0
1131,0.0
1132,0.0
1133,0.0
1134,0.0
1135,0.0
1136,4.645
1137,14.097
1138,29.903
1139,44.926
1140,50.0
1141,50.0
1142,50.0
1143,50.0
1144,50.0
1145,50.0
1146,50.0
1147,50.0
1148,50.0
1149,50.0
1150,50.0
1151,50.0
1152,50.0
1153,50.0
1154,0.0
1155,0.0
1156,0.0
1157,0.0
1158,0.0
1159,0.0
1160,0.0
1161,0.0
1162,0.0
1163,0.0
1164,0.0
1165,0.0
1166,0.0
1167,0.0
1168,8.827
1169,24.598
1170,34.539
1171,44.146
1172,50.0
1173,50.0
1174,50.0
1175,50.0
1176,50.0
1177,50.0
1178,50.0
1179,50.0
1180,50.0
1181,0.0
1182,0.0
1183,0.0
1184,0.0
1185,0.0
1186,0.0
1187,0.0
1188,0.345
1189,3.565
1190,12.338
1191,13.966
1192,20.907
1193,29.313
1194,28.573
1195,37.869
1196,33.718
1197,24.66
1198,21.578
1199,12.59
1200,2.662
1201,2.636
1202,6.179
1203,10.145
1204,15.032
1205,17.703
1206,23.448
1207,25.085
1208,30.589
1209,34.969
1210,43.714
1211,38.405
1212,48.733
1213,48.138
1214,50.0
1215,50.0
1216,50.0
1217,0.0
1218,0.0
1219,0.0
1220,0.0
1221,0.0
1222,0.0
1223,0.0
1224,0.0
1225,0.0
1226,0.0
1227,0.0
1228,0.0
1229,1.995
1230,13.142
1231,22.33
1232,22.547
1233,27.599
1234,29.68
1235,37.954
1236,38.078
1237,45.193
1238,50.0
1239,50.0
1240,50.0
1241,50.0
1242,50.0
1243,50.0
1244,50.0
1245,50.0
1246,50.0
1247,50.0
1248,50.0
1249,50.0
1250,50.0
1251,50.0
1252,50.0
1253,50.0
1254,50.0
1255,50.0
1256,50.0
1257,50.0
1258,50.0
1259,50.0
1260,50.0
1261,50.0
1262,50.0
1263,0.0
1264,0.0
1265,0.0
1266,0.0
1267,0.0
1268,0.0
1269,5.988
1270,2.184
1271,7.531
1272,18.164
1273,19.559
1274,24.651
1275,20.982
1276,20.127
1277,25.296
1278,28.129
1279,29.338
1280,34.022
1281,29.374
1282,32.219
1283,27.517
1284,32.377
1285,30.345
1286,27.046
1287,28.079
1288,27.38
1289,26.145
1290,0.0
1291,0.0
1292,0.0
1293,0.0
1294,0.0
1295,0.0
1296,0.0
1297,0.0
1298,4.608
1299,8.413
1300,20.557
1301,19.282
1302,27.809
1303,25.98
1304,27.478
1305,27.729
1306,27.956
1307,33.266
1308,17.787
1309,17.463
1310,0.0
1311,0.0
1312,0.0
1313,0.0
1314,0.0
1315,0.0
1316,0.0
1317,0.0
1318,0.0
1319,0.0
1320,0.0
1321,1.671
1322,12.088
1323,30.066
1324,42.296
1325,50.0
1326,50.0
1327,50.0
1328,50.0
1329,50.0
1330,50.0
1331,50.0
1332,50.0
1333,50.0
1334,50.0
1335,50.0
1336,0.0
1337,0.0
1338,0.0
1339,0.0
1340,0.0
1341,0.0
1342,0.0
1343,0.0
1344,0.0
1345,0.0
1346,0.132
1347,15.291
1348,16.217
1349,11.567
1350,14.812
1351,14.993
1352,15.131
1353,24.123
1354,23.5
1355,29.027
1356,22.275
1357,22.311
1358,21.052
1359,17.245
1360,12.575
1361,6.309
1362,2.121
1363,1.856
1364,5.798
1365,8.993
1366,10.972
1367,15.429
1368,19.773
1369,23.517
1370,24.929
1371,32.052
1372,33.587
1373,32.23
1374,37.951
1375,0.0
1376,0.0
1377,0.0
1378,0.0
1379,0.0
1380,0.0
1381,0.0
1382,0.0
1383,0.0
1384,0.0
1385,10.484
1386,28.04
1387,44.764
1388,50.0
1389,50.0
1390,50.0
1391,50.0
1392,50.0
1393,50.0
1394,50.0
1395,50.0
1396,50.0
1397,50.0
1398,0.0
1399,0.0
1400,0.0
1401,0.0
1402,0.0
1403,0.0
1404,10.571
1405,7.656
1406,14.263
1407,13.003
1408,16.116
1409,11.91
1410,18.624
1411,20.956
1412,17.877
1413,23.343
1414,24.731
1415,22.063
1416,21.217
1417,22.082
1418,27.552
1419,29.281
1420,26.101
1421,29.668
1422,32.16
1423,32.796
1424,36.462
1425,35.76
1426,27.885
1427,37.455
1428,29.628
1429,35.112
1430,31.5
1431,29.573
1432,19.722
1433,18.463
1434,10.524
1435,7.911
1436,1.721
1437,1.288
1438,15.287
1439,24.962
1440,0.0
1441,0.0
1442,0.0
1443,3.531
1444,20.309
1445,35.623
1446,34.01
1447,31.074
